name,value,angle
Sadness,1,0
Fear,3,0.392699082
Anger,5,0.785398163
Joy,7,1.178097245
Exist,9,1.570796327
Health,8,1.963495408
Gender,6,2.25619449
Self,4,2.452544031
Pleasure,2,2.748893572
Trust,1,3.141592654
Belong,3,3.534291735
Close,5,3.926990817
Child,7,4.319689899
Grow up,9,4.71238898
Know,8,5.105088062
Think,6,5.497787144
Succeed,4,5.890486225
