name,value,angle
Sadness,5,0.196349541
Fear,7,0.589048623
Anger,2,0.981747704
Joy,9,1.374446786
Exist,3,1.767145868
Health,3,2.159844949
Gender,6,2.452544031
Self,5,2.648893572
Pleasure,8,2.945243113
Trust,5,3.337942195
Belong,6,3.730641276
Close,2,4.123340358
Child,8,4.51603944
Grow up,4,4.908738521
Know,6,5.301437603
Think,9,5.694136685
Succeed,3,6.086835766
