name,value,angle
Sadness,0,0
Fear,0,0.392699082
Anger,0,0.785398163
Joy,0,1.178097245
Exist,0,1.570796327
Health,0,1.963495408
Gender,0,2.25619449
Self,0,2.452544031
Pleasure,0,2.748893572
Trust,0,3.141592654
Belong,0,3.534291735
Close,0,3.926990817
Child,0,4.319689899
Grow up,0,4.71238898
Know,0,5.105088062
Think,0,5.497787144
Succeed,0,5.890486225
