name,value,angle
Sadness,0,0.196349541
Fear,0,0.589048623
Anger,0,0.981747704
Joy,0,1.374446786
Exist,0,1.767145868
Health,0,2.159844949
Gender,0,2.452544031
Self,0,2.648893572
Pleasure,0,2.945243113
Trust,0,3.337942195
Belong,0,3.730641276
Close,0,4.123340358
Child,0,4.51603944
Grow up,0,4.908738521
Know,0,5.301437603
Think,0,5.694136685
Succeed,0,6.086835766
